3,Broze crates
5,Mounted Boomas
50,200 DIO
1,Type 77 selective fire assault rifle
1,Scorpion prototype mag-rail technology gun
1,"P1 Pistol, 7mm"
1,Defender shotgun
1,Frag Grenade
5,Army Cow
5,Caramel Pony
5,Gecko Multiverse
5,Mustard Duck
5,Shrake
1,Snowflake
2,Snowball
2,Snowfall
1,Enjin Legend: Simon
1,Enjin Legend: Tassio
1,Enjin Legend: Bryana
1,Enjin Legend: Witek
1,Enjin Legend: Maxim
10,RC 9MM BTC skinned
10,"30,000 SHR coins"
10,1% shares in a soccer club
5,Warmongers
30,Limited Edition Varag Shamans
30,Holy Knights
40,500 Spirit Dust
2000,Light vehicles
2000,Light canons
2,Rare Portal Key Lv2
2,Rare Portal Key Lv3
1,Epic Portal Key Lv2
2,Uncommon Arena Crystals Lv1
2,Uncommon Arena Crystals Lv2
1,Epic Arena Crystal Lv2
10,1000 Uptennd Tokens
2,SUVs
2,War Trucks
1,APOCALYPSE Carbon M5 MAAWS
1,Gold Miniguns
1,LIGHTCAMO Carbon M2c Browning
1,Platinum M5 MAAWS
10,100 BZN (Benzene) tokens
10,500 ZNZ tokens
